source_name,source_link,event_id,event_date,event_time,event_title,event_description,location_description,location_accuracy,landslide_category,landslide_trigger,landslide_size,landslide_setting,fatality_count,injury_count,storm_name,photo_link,notes,event_import_source,event_import_id,country_name,country_code,admin_division_name,admin_division_population,gazeteer_closest_point,gazeteer_distance,submitted_date,created_date,last_edited_date,longitude,latitude,Rainfall,NDVI,Slope
BD News 24,http://bdnews24.com/bangladesh/2017/07/04/man-killed-in-coxs-bazar-landslide,9946,7/4/2017 14:33,,Landslide in Mahughata village kills one,Landslide during torrential rains kills man who was cutting earth to mitigate flooding,"Mahughata village (??), Hoanak Union Parishad, Maheshkhali, Upazila, Bangladesh",5km,landslide,rain,medium,natural_slope,1,0,,,"Person in article title referred to as man, but in article referred to as ""her""",,,,,,,,,7/5/2017 14:33,11/20/2017 15:17,2/15/2018 15:51,91.92597729,21.61900923,70.162,0.3518,9.633
Hindustan Times,http://www.hindustantimes.com/world-news/bangladesh-landslides-toll-rises-to-144-rangamati-worst-hit-with-105-deaths/story-ff8brJNydyWSdlAWfuMXWO.html,9943,6/13/2017 15:17,,5 landslides hit port of Chittagong,5 landslides after 3 days of torrential rains. 33 people in port city of Chittagong killed.,"Chittagong, Bangladesh",25km,landslide,continuous_rain,large,urban,33,0,,,,,,,,,,,,7/3/2017 15:17,11/20/2017 15:17,2/15/2018 15:51,91.83258101,22.35037081,72.637,0.324,7.587
BD News 24,http://bdnews24.com/bangladesh/2017/07/06/child-killed-in-coxs-bazar-landslide-another-swept-off-by-floodwaters,10000,7/5/2017 19:39,,Fatal landslide in Ukhia Upazila,"Landslide amid heavy rains collapses wall of house, buries family. All survive except for one boy","Ukhia Upazila, Bangladesh",25km,landslide,continuous_rain,medium,natural_slope,1,,,,"Rest of family injured, unsure of number",,,,,,,,,7/6/2017 19:39,11/20/2017 15:17,2/15/2018 15:51,92.10434768,21.23699085,42.505,0.2262,9.069
Daily Sun,http://www.daily-sun.com/post/237861/Hillslide-again-strikes-Rangamati,9941,7/2/2017 15:17,,Landslide blocks road,"Chittagong-Rangamati road blocked by landslide, heavy rains in area for around 24 hours prior","Deppochhari (??), Rangamati Hill District, Bangladesh",50km,landslide,continuous_rain,small,below_road,0,0,,http://www.daily-sun.com/assets/news_images/2017/07/03/Hill-slide.jpg,,,,,,,,,,7/3/2017 15:17,11/20/2017 15:17,2/15/2018 15:51,92.03513581,22.77997113,0,0.4771,10.067
Hindustan Times,http://www.hindustantimes.com/world-news/bangladesh-landslides-toll-rises-to-144-rangamati-worst-hit-with-105-deaths/story-ff8brJNydyWSdlAWfuMXWO.html,9942,6/13/2017 15:17,,20 landslides hit Rangamati Hill District,"After three days of torrential rain, 20 landslides hit various locales in the Rangamati Hill District. 105 people killed","Rangamati Hill District, Bangladesh",250km,landslide,continuous_rain,large,unknown,105,0,,http://www.hindustantimes.com/rf/image_size_960x540/HT/p2/2017/06/14/Pictures/bangladesh-weather-landslide_ecf89f34-50df-11e7-88ef-5a5d74cf2589.jpg,,,,,,,,,,7/3/2017 15:17,11/20/2017 15:17,2/15/2018 15:51,92.22099982,22.74955141,89.173,0.4778,12.196
BDNews,http://bdnews24.com/bangladesh/2017/06/14/landslide-kills-two-in-khagrachhari,9699,6/13/2017 18:48,,"Bangladesh Landslides, Lakhsmichhari","Massive landslides across Bangladesh, these in small town of Lakhsmichhari",,10km,landslide,downpour,medium,natural_slope,2,,,,Part of a series of landslides across Bangladesh,,,,,,,,,6/14/2017 18:48,11/20/2017 15:17,2/15/2018 15:51,91.91261915,22.80452414,81.199,0.321,6.29
The Daily Star,http://www.thedailystar.net/backpage/woman-killed-landslide-1429111,9999,7/5/2017 19:39,,Fatal landslide in Ghundhum,"Landslide after rains kills a woman, seriously injures her daughter (article sparse on details)","Ghundhum (??), Naikkhangchhari Upazila, Bandarban District, Bangladesh",5km,landslide,continuous_rain,medium,natural_slope,1,1,,,,,,,,,,,,7/6/2017 19:39,11/20/2017 15:17,2/15/2018 15:51,92.17584376,21.42181705,33.467,0.5671,13.941
BD News,http://bdnews24.com/bangladesh/2017/06/14/father-daughter-die-in-coxs-bazar-landslide,9700,6/14/2017 18:48,,"Bangladesh Landslides, Cox's Bazaar","Landslides across Bangladesh, this in Cox's Bazaar",,25km,landslide,downpour,medium,natural_slope,2,,,,This is part of a series of Bangladesh landslides collected from multiple reports,,,,,,,,,6/14/2017 18:48,11/20/2017 15:17,2/15/2018 15:51,92.21525816,21.04270451,19.667,0.5814,16.102
The Hindu,http://www.thehindu.com/news/international/landslides-kill-25-in-bangladesh/article18970757.ece,9702,6/13/2017 18:48,,"Bangladesh Landslides, Bandarban","Massive landslides across Bangladesh, including across the Bandarban district",,50km,landslide,downpour,large,,6,0,,,,,,,,,,,,6/14/2017 18:48,11/20/2017 15:17,2/15/2018 15:51,92.2676503,21.87861504,65.499,0.5,6.046
Prothom Alo,http://en.prothom-alo.com/bangladesh/news/150863/Landslide-kills-two-in-Rangamati,9721,6/12/2017 13:27,,Landslide in Rangamati Area,Large chunks of mud crush houses in Rangamati,Between Rangamati town and Kaptai,10km,landslide,rain,medium,,2,,,,,,,,,,,,,6/15/2017 13:27,11/20/2017 15:17,2/15/2018 15:51,92.16404889,22.59420297,129.558,0.45,8.888
The Hindu,http://www.thehindu.com/news/international/landslides-kill-25-in-bangladesh/article18970757.ece,9697,6/13/2017 18:48,,"Massive Landslides in Bangladesh, Rangmati","Massive landslides in Chittagong, Rangmati, and Bandarban due to downpour",,10km,landslide,downpour,large,natural_slope,18,,,http://www.thehindu.com/news/international/article19031072.ece/alternates/FREE_960/TH14BANGLADESHjpg,"Part of series of events in Bangladesh, often all covered within the same articles",,,,,,,,,6/14/2017 18:48,11/20/2017 15:17,2/15/2018 15:51,92.15898865,22.65242372,87.001,0.2802,0
BDNews,http://bdnews24.com/bangladesh/2017/06/14/landslide-kills-two-in-khagrachhari,9701,6/13/2017 18:48,,"Bangladesh Landslides, Lakhsmichhari","Massive landslides across Bangladesh, these in small town of Lakhsmichhari",,10km,landslide,downpour,medium,natural_slope,2,,,,Part of a series of landslides across Bangladesh,,,,,,,,,6/14/2017 18:48,11/20/2017 15:17,2/15/2018 15:51,91.91261915,22.80452414,81.199,0.321,6.29
The Hindu,http://www.thehindu.com/news/international/landslides-kill-25-in-bangladesh/article18970757.ece,9703,6/13/2017 18:48,,"Landslides in Bangladesh, Chittagong","Massive landslides across Bangladesh, spread across the Chittagong division",,25km,landslide,downpour,large,natural_slope,50,,,,Part of a landslide system across the country,,,,,,,,,6/14/2017 18:48,11/20/2017 15:17,2/15/2018 15:51,91.97239273,22.44394492,110.814,0.1924,3.427
Prothom Alo,http://en.prothom-alo.com/bangladesh/news/150863/Landslide-kills-two-in-Rangamati,9715,6/12/2017 13:27,,Landslide in Rangamati Area,Large chunks of mud crush houses in Rangamati,Between Rangamati town and Kaptai,10km,landslide,rain,medium,,2,,,,,,,,,,,,,6/15/2017 13:27,11/20/2017 15:17,2/15/2018 15:51,92.16404889,22.59420297,129.558,0.4,8.888
The Hindu,http://www.thehindu.com/news/international/landslides-kill-25-in-bangladesh/article18970757.ece,9698,6/13/2017 18:48,,"Massive Landslides in Bangladesh, Rangmati","Massive landslides in Chittagong, Rangmati, and Bandarban due to downpour",,10km,landslide,downpour,large,natural_slope,18,,,http://www.thehindu.com/news/international/article19031072.ece/alternates/FREE_960/TH14BANGLADESHjpg,"Part of series of events in Bangladesh, often all covered within the same articles",,,,,,,,,6/14/2017 18:48,11/20/2017 15:17,2/15/2018 15:51,92.15898865,22.65242372,87.001,0.2802,0
Press TV,http://www.presstv.ir/detail.aspx?id=27311&sectionid=351020406,311,10/15/2007 0:00,,Betbunia,"women and 2 children killed in mudslide, powerful rainstorm affected southeast Bangladesh",Betbunia,5km,mudslide,rain,medium,unknown,3,,,,,glc,311,Bangladesh,BD,Khulna,37985,Phultala,23.346,4/1/2014 0:00,11/20/2017 15:17,2/15/2018 15:51,89.4,22.5333,63.801,0.3,0
The Daily Star,http://www.thedailystar.net/backpage/landslide-kills-3-of-a-family-23595,6020,5/10/2014 9:00,, Purba Satchhari village in Sadar upazila,"Meanwhile, at least 24 houses of Purba Satchhari village in Sadar upazila went into the Manu river during the heavy rains. Some electric poles were also damaged, disrupting electricity in some parts of the district.", Purba Satchhari village in Sadar upazila,10km,landslide,rain,medium,unknown,0,0,,,,glc,6020,Bangladesh,BD,Sylhet,57441,Maulavi Bāzār,11.04683,8/24/2014 0:00,11/20/2017 15:17,2/15/2018 15:51,91.7227,24.5784,0,0.32,1.02
The Daily Star,http://www.thedailystar.net/city/woman-killed-in-ctg-landslide-9838#http://www.thedailystar.net/city/woman-killed-in-ctg-landslide-9838,5834,2/3/2014 0:00,, Chittagong,A woman was killed and her father-in-law was injured when a large chunk of earth fell on them while they were cutting hills in Paschim Shanti Nagor area of Chittagong city yesterday., Chittagong,5km,landslide,unknown,medium,unknown,1,1,,,,glc,5834,Bangladesh,BD,Chittagong,3920222,Chittagong,2.2358,8/24/2014 0:00,11/20/2017 15:17,2/15/2018 15:51,91.8123,22.3475,0,0.42,4.87
The Daily Star,http://www.thedailystar.net/backpage/landslide-kills-3-of-a-family-23595,6019,5/10/2014 9:00,,Borolekha upazila of Moulvibazar,"Three members of a family were killed as a large chunk of earth from a rain-soaked hill fell on a house in Borolekha upazila of Moulvibazar early yesterday. Tofail Ahmed, superintendent of police in Moulvibazar, said the landslide happened anytime after the torrential rain began in the district around 8:00pm on Friday.",Borolekha upazila of Moulvibazar,25km,landslide,rain,small,unknown,3,0,,,,glc,6019,Bangladesh,BD,Sylhet,57441,Maulavi Bāzār,8.46607,8/24/2014 0:00,11/20/2017 15:17,2/15/2018 15:51,91.7561,24.4136,0,0.25,1.377
google,http://www.google.com/hostednews/afp/article/ALeqM5i3_WUJVJikNHFLjBu4U01jZan7zA?docId=CNG.987be94c4c3ccdfdf0d86cb5108c3d3b.3e1,3804,7/19/2011 0:00,,"southeastern, DHAKA, Bangladesh","Four killed, 200,000 stranded in Bangladesh floods  (AFP) – Jul 22, 2011   DHAKA — At least four people were killed and more than 200,000 stranded after three days of heavy rains triggered flash floods and landslides in southeastern Bangladesh, officials said Friday.  The government's flood forecasting and warning centre said more than 49 centimetres (19 inches) of rain had pounded the worst-hit Cox's Bazaar district since Wednesday, flooding at least 200 villages in the hilly region.  ""One child was buried under mud due to landslide and three more people were washed away in the huge torrents of water,"" Cox's Bazaar chief district administrator Zainul Bari told AFP.  He said two more people were missing and more than 200,000 had been marooned by the floods, forcing 3,200 families to take shelter in schools, cyclone shelters and on high ground.  Local authorities have distributed emergency relief to those most in need.  Southeastern Bangladesh is prone to deadly flash floods as tens o","southeastern, DHAKA, Bangladesh",50km,landslide,downpour,large,unknown,4,,,,,glc,3804,Bangladesh,BD,Dhaka,10356500,Dhaka,0.15781,4/1/2014 0:00,11/20/2017 15:17,2/15/2018 15:51,90.4077,23.7118,41.919,0.21,2.113
New Straits Times,http://www.nst.com.my/latest/font-color-red-update-font-landslide-hits-kg-baru-subang-shop-bangladeshi-worker-killed-1.599503,6031,5/17/2014 10:40,,"Jalan Kampung Melayu, Sungai Buloh","A man was buried alive after a landslide destroyed a furniture warehouse in Jalan Kampung Melayu, Sungai Buloh here yesterday. Selangor Fire and Rescue Department operations assistant director Mohd Sani Harul said the landslide occurred after heavy rain in the morning, trapping several workers in the warehouse. In the 10.40am incident, the victim, a Bangladeshi, was buried in two metre deep soil, after a slope behind the factory came crushing down during this morning’s rain. “Based on our initial investigation, we believe the landslide which measures 50 metres in height was contributed by rain and ongoing construction work of a retaining wall at the top of the slope,” he said.","Jalan Kampung Melayu, Sungai Buloh",1km,landslide,downpour,small,unknown,1,0,,,,glc,6031,Malaysia,MY,Selangor,21185,Kuang,4.93095,9/10/2014 21:04,11/20/2017 15:17,2/15/2018 15:51,101.5768,3.2211,10.784,0.35,1.312
Headlines India,http://www.headlinesindia.com/natural-disasters/flood/darjeeling-landslide-toll-reaches-27-12747.html,1027,5/18/2009 8:00,,"Sreemangal upazila, Moulvibazer.","Six people, five of them of a family, were killed in landslide triggered by heavy rain in the country's northeastern Moulvibazer district on Monday, police said.  Five of a family died as a chunk of earth from the nearby hill collapsed in a heap on their shanty in the Lakhai tea garden slum located in Sreemangal sub-district, officially known as upazila.  The other died instantly in a landslide in the other tea garden during heavy shower.  Heavy rain in the area on early Monday caused the mudslide that also collapsed many houses rendering a number of people homeless in the remote area, police confirmed.","Sreemangal upazila, Moulvibazer.",10km,mudslide,downpour,medium,unknown,6,,,,,test,1027,Bangladesh,BD,,5508,Kamalpur,16.13337,9/16/2014 17:04,11/20/2017 15:17,2/15/2018 15:51,91.7333,24.3083,40.263,0.29,1.377
blog.taragana,http://blog.taragana.com/n/report-landslides-kill-10-people-in-bangladeshs-southeast-126402/,1064,7/31/2009 0:00,,"Lama village, Bandarban district 155 miles (248 kilometers) southeast of the capital Dhaka",The report says huge chunks of earth buried a hillside hut killing five people from the same family in Lama village. Another five people from two families died in a landslide nearby. The landslides caused by heavy rains have killed 10 people in southeastern Bangladesh.,"Lama village, Bandarban district 155 miles (248 kilometers) southeast of the capital Dhaka",5km,landslide,downpour,medium,unknown,10,,,,,glc,1064,Bangladesh,BD,Chittagong,32523,Bāndarban,4.48178,4/1/2014 0:00,11/20/2017 15:17,2/15/2018 15:51,92.19,22.2251,0,0.4,14.112
The Daily Star,http://www.thedailystar.net/newDesign/latest_news.php?nid=24242,1979,6/15/2010 0:00,,Cox’s Bāzār : Four members of a family were killed in Uluchamari Hill landslides in Nila Union.,Four members of a family were killed in Uluchamari Hill landslides in Nila Union.,,50km,landslide,downpour,medium,unknown,4,,,,,glc,1979,Bangladesh,BD,Chittagong,253788,Cox’s Bāzār,35.22153,4/1/2014 0:00,11/20/2017 15:17,2/15/2018 15:51,92.1571,21.1899,68.583,0.19,4.202
NTV,http://en.ntvbd.com/bangladesh/17930/Mudslide-at-Sylhet-stone-quarry-kills-worker,9333,2/25/2016 13:00,,Jaflong,"A worker was killed in a mud collapse at a stone quarry in Jaflong area of Goainghat upazila in Sylhet on Thursday, reports UNB.  Local people said Kamal Mia, aged around 50, resident of Budhigaon village in Goainghat upazila, died on the spot when a chunk of mud collapsed on him while digging out stones at the quarry at about 1:00pm.  Habi Mia alias Chhoto Habi, lease holder of the stone quarry, said they provided Tk50,000 as compensation to the family members of the deceased.  Goainghat police sub-inspector Manjurul said no complaint was lodged yet in connection with the quarry worker’s death.",Jaflong,5km,landslide,mining,small,mine,1,0,,,,glc,9333,Bangladesh,BD,Sylhet,237000,Sylhet,32.32367,8/3/2016 13:33,11/20/2017 15:17,2/15/2018 15:51,92.0104,25.1622,0,0.1861,1.025
Red Cross - Field reports,http://en.wikipedia.org/wiki/2007_Chittagong_mudslide,85,6/11/2007 0:00,,Rangamati,Kaptai Lake overflowed,Rangamati,10km,mudslide,downpour,medium,unknown,3,,,,,glc,85,Bangladesh,BD,Chittagong,25708,Raojān,25.83472,4/1/2014 0:00,11/20/2017 15:17,2/15/2018 15:51,92.1453,22.6368,155.757,0.3,2.956
The Daily Star,http://www.thedailystar.net/country/ctg-landslide-kills-mother-daughter-146551,8280,9/21/2015 7:00,,"Chittagong, Bangladesh","A woman and her five-year-old daughter were killed in a rain-triggered landslide in Chittagong this morning.  The deceased were identified as Parveen Akthar, 30, and her daughter Urmi Akthar, our Chittagong correspondent reports quoting Manosh Barua, a sub-inspector of Bayejid Police Station.  The landslide took place when a chunk of earth of rain-soaked hill fell on their house in Majhirgona area around 7:00am, the SI said.","Chittagong, Bangladesh",10km,landslide,rain,medium,unknown,2,0,,,,glc,8280,Bangladesh,BD,Chittagong,3920222,Chittagong,2.2269,7/5/2016 18:58,11/20/2017 15:17,2/15/2018 15:51,91.8138,22.3496,41.044,0.26,18.246
BD News 24,http://bdnews24.com/bangladesh/2015/06/26/child-killed-four-injured-in-coxs-bazar-landslide,7000,6/26/2015 14:00,,Konarpara,"Fire Service’s Majid said torrential rains over the past several days softened the earth of Ghonar Parha Hill.  A part of the hill subsided on some tin-shed houses next to it. Assistant Meteorologist AKM Nasir said it had been raining in the district since June 23. The Met office recorded 123 millimetres rainfall on Friday until afternoon.;Powerful landslides triggered by heavy rains killed at least 49 people, including six army personnel, on Tuesday in two southeastern districts of Cox’s Bazar and Bandarban.  In Cox’s Bazar, the mudslides occurred at different parts including the district town and Himchhari ECB camp, leaving 45 people dead.  Superintendent of Police Nibash Chandra Majhi said 31 people were killed in Teknaf, six in Ukhia, two in the district headquarters and six in the Himchhari army camp.  Of the army men buried under the mud, three bodies were recovered while search was going on for the rest, reports a correspondent from Cox’s Bazar.  Deputy Commissioner Md Gias Uddi",Konarpara,1km,landslide,monsoon,medium,natural_slope,1,4,,http://d30fl32nd2baj9.cloudfront.net/media/2015/06/26/coxs-bazar-pahar.jpg/ALTERNATES/w640/coxs-bazar-pahar.jpg,,glc,7000,Bangladesh,BD,Chittagong,253788,Cox’s Bāzār,4.53556,1/14/2016 19:36,11/20/2017 15:17,2/15/2018 15:51,92.0074,21.4409,384.779,0.32,5.035
thefinancialexpress-bd,http://www.thefinancialexpress-bd.com/index.php?ref=MjBfMTBfMzFfMTJfMV85MV8xNDg0MjQ=,4598,10/30/2012 9:00,,"Cox's Bazar,","A person was killed and nine others, including four members of a family, were injured in a mudslide in Sadar upazila on Tuesday afternoon. The deceased was identified as Amzad, 25, son of Osman Gani of South Jurain in the capital.","Cox's Bazar,",10km,landslide,rain,medium,unknown,1,,,,,glc,4598,Bangladesh,BD,Chittagong,253788,Cox’s Bāzār,4.31226,4/1/2014 0:00,11/20/2017 15:17,2/15/2018 15:51,92.0076,21.443,0,0.27,2.197
The Daily Star,http://www.thedailystar.net/newDesign/latest_news.php?nid=24242,1978,6/15/2010 4:00,,Tuinya hilll in Teknaf,"Meanwhile, landslides from Tuinya Hill in Teknaf upazila killed seven people and injured four others. ",Tuinya hilll in Teknaf,25km,landslide,downpour,medium,unknown,7,,,,,glc,1978,Bangladesh,BD,Chittagong,40557,Teknāf,0.29303,4/1/2014 0:00,11/20/2017 15:17,2/15/2018 15:51,92.22263842,20.92931962,56.734,0.29,21.29
The Financial Express,http://print.thefinancialexpress-bd.com/2015/11/17/118258,8955,11/16/2015 0:00,,Companiganj upazila of Sylhet district,"A labourer was killed in an incident of landslide while doing work of stone lifting in Companiganj upazila of Sylhet district on Monday. The deceased was identified as Anwar, 35. Witnesses said Anwar, along with other labourers, was lifting stone from Shah Arefin Hill at noon. At a stage, a chunk of mud from the hill crashed on Anwar around 12pm, leaving him injured. Later, he was rushed to Companiganj health complex where on-duty doctors declared him dead, according to a news agency.",Companiganj upazila of Sylhet district,1km,landslide,unknown,small,mine,1,0,,,,glc,8955,Bangladesh,BD,Sylhet,39218,Chhātak,10.8974,7/14/2016 14:49,11/20/2017 15:17,2/15/2018 15:51,91.7783,25.0821,0,0.31,2.047
Dhaka Tribune,http://www.dhakatribune.com/bangladesh/2015/feb/23/4-died-sylhet-landslide,6792,2/22/2015 20:30,,Bholaganj stone quarry in Companyganj upazila,"Witnesses said a chunk of mud collapsed on them around 8:30pm, while the labourers were digging up stones at the quarry, leaving them dead on the spot.",Bholaganj stone quarry in Companyganj upazila,5km,mudslide,mining,medium,mine,4,0,,,,glc,6792,Bangladesh,BD,Sylhet,39218,Chhātak,13.78623,2/24/2015 17:25,11/20/2017 15:17,2/15/2018 15:51,91.7483,25.1472,0,0.26,2.048
foxnews,http://www.foxnews.com/world/2012/06/27/landslides-kill-30-in-southern-bangladesh513572/,4432,6/24/2012 0:00,,Chittagong,"Landslides and floods caused by heavy monsoon rains killed at least 91 people in southern Bangladesh and many more were missing, the government said Wednesday.  At least 37 died in Cox's Bazar, 33 in neighboring Bandarban and another 21 in Chittagong, mostly in a series of landslides, the Disaster Management Ministry said. It said soldiers were joining the search for the missing. Three days of torrential rain in the region of small hills and forests dislodged huge chunks of earth which buried flimsy huts where families were sleeping late Tuesday and early Wednesday. Many homeless people live at the foot of the hills or close to them despite warnings from authorities.  Read more: http://www.foxnews.com/world/2012/06/27/landslides-kill-30-in-southern-bangladesh513572/#ixzz2HgIbeaxQ  Read more: http://www.foxnews.com/world/2012/06/27/landslides-kill-30-in-southern-bangladesh513572/#ixzz2HgIT0LvN",Chittagong,10km,landslide,downpour,large,unknown,31,,,,,glc,4432,Bangladesh,BD,Chittagong,3920222,Chittagong,1.03985,4/1/2014 0:00,11/20/2017 15:17,2/15/2018 15:51,91.8252,22.3312,123.537,0.37,1.366
The Daily Star,http://www.thedailystar.net/city/woman-dies-sylhet-landslide-573988,9308,2/16/2016 23:00,,Sylhet,"A woman was killed and her husband injured in a landslide at a stone quarry in Balughat area of Sylhet's Gowainghat upazila on Tuesday night.  The victims were Saina Begum, 34, and her husband Kala Miah of the upazila's Shoti village.  Injured Kala Miah was taken to Sylhet Osmani Medical College Hospital.  Md Delowar Hossain, officer-in-charge of Gowainghat police, confirmed the incident to The Daily Star.  The OC said a chunk of the quarry suddenly fell on the duo when they were collecting stones, leaving Sania dead on the spot and her husband injured.",Sylhet,5km,rock_fall,mining,small,mine,1,1,,,,glc,9308,Bangladesh,BD,Sylhet,237000,Sylhet,0.78886,8/2/2016 17:30,11/20/2017 15:17,2/15/2018 15:51,91.8644,24.9007,0,0.3668,0.927
Daily Star,http://www.thedailystar.net/newDesign/latest_news.php?nid=24242,1975,6/15/2010 0:00,,"Ukhia, Cox's Bazar","Powerful landslides triggered by heavy rains killed at least 49 people, including six army personnel, on Tuesday in two southeastern districts of Cox’s Bazar and Bandarban.  In Cox’s Bazar, the mudslides occurred at different parts including the district town and Himchhari ECB camp, leaving 45 people dead.  Superintendent of Police Nibash Chandra Majhi said 31 people were killed in Teknaf, six in Ukhia, two in the district headquarters and six in the Himchhari army camp.  Of the army men buried under the mud, three bodies were recovered while search was going on for the rest, reports a correspondent from Cox’s Bazar.  Deputy Commissioner Md Gias Uddin Ahmed said they were urging people through loudhailers to evacuate the hilly areas. ","Ukhia, Cox's Bazar",5km,landslide,downpour,medium,unknown,6,,,,,glc,1975,Bangladesh,BD,Chittagong,253788,Cox’s Bāzār,32.54732,4/1/2014 0:00,11/20/2017 15:17,2/15/2018 15:51,92.19530189,21.23704301,62.907,0.46,8.752
Business News 24 BD,http://businessnews24bd.com/landslide-kills-mother-daughter-in-ctg/,9321,5/21/2016 9:00,,"Jangle Salimpur area, Sitakunda upazila, Chittagong, Balngladesh","A woman and her daughter were killed in a rain-triggered landslide at Sitakunda upazila of Chittagong on Saturday morning. The deceased were identified as–Kajal Begum, 45, and her son Belal Hossain, 10. Mamunur Rashid, an official of Chittagong Fire Service Control Room, said the incident took place at Jangle Salimpur area when a chunk of mud collapsed on their thatched house early today during rainfalls, leaving the duo dead on the spot.","Jangle Salimpur area, Sitakunda upazila, Chittagong, Balngladesh",5km,landslide,tropical_cyclone,small,unknown,2,0,Roanu,,,glc,9321,Bangladesh,BD,Chittagong,33200,Fatikchari,13.06101,8/2/2016 19:22,11/20/2017 15:17,2/15/2018 15:51,91.6743,22.6239,63.341,0.5046,20.379
Allheadlinenews.com,http://www.allheadlinenews.com/articles/7008891877,318,10/19/2007 0:00,,Madamdevihat in Chittagong and Dolhajra in Chokoria upazila,"occurred at 10:50 pm, severed a fiber optic cable, ",Madamdevihat in Chittagong and Dolhajra in Chokoria upazila,unknown,landslide,unknown,medium,unknown,,,,,,glc,318,Bangladesh,BD,Chittagong,39335,Chhāgalnāiya,14.65105,4/1/2014 0:00,11/20/2017 15:17,2/15/2018 15:51,91.5327,22.894,0,0.42,0.927
bdnews24,http://www.bdnews24.com/details.php?id=199829&cid=2,3680,7/1/2011 6:00,,"Batali, Chittagong","Chittagong, July 2 (bdnews24.com)—The government is investigating Friday's hillslide at Batali in the port city that has claimed at least 16 lives as rescue operations ran well past midnight, with the body counts likely to rise.  Twelve people were killed in a landslide in southeastern Bangladesh on Friday, Xinhua reported. The rain-triggered landslide occurred in Chittagong city, about 240 km from Dhaka. ""We have retrieved 12 bodies,"" fire service official Ruhul Amin said. A big chunk of earth. Death toll was revised as 17.  Heavy rains for the past few days caused a huge chunk of earth and a retaining wall to collapse around 6am, burying six hillside shanties and leaving scores of people trapped.   A five-strong probe committee, headed by additional deputy commissioner (general) Ehsan Elahi, has been given five days to submit the report on the landslide in Tigerpass. The investigators have started work.   One member each from the eastern zone of Bangladesh Railway, Chittagong Metro","Batali, Chittagong",10km,landslide,downpour,large,unknown,17,,,,,glc,3680,Bangladesh,BD,Chittagong,3920222,Chittagong,1.72122,4/1/2014 0:00,11/20/2017 15:17,2/15/2018 15:51,91.8161,22.344,171.673,0.49,13.682
Daily Sun,http://www.daily-sun.com/post/63189/5-killed-2-missing-in-Bandarban-landslide-,7365,8/1/2015 3:00,,Hospital Para in Lama upazila,"At least seven people, including a children, were killed, two went missing and at least three others injured in a landslide, caused by incessant rainfall for the last nine days at Hospital Para in Lama upazila of Bandarban district on early Saturday.",Hospital Para in Lama upazila,50km,mudslide,continuous_rain,small,unknown,7,3,,http://www.thedailystar.net/sites/default/files/styles/big_4/public/feature/images/bandarban-landslide.jpg?itok=ZtfCTgJl,,glc,7365,Bangladesh,BD,Chittagong,52005,Sātkania,36.54669,12/14/2015 22:59,11/20/2017 15:17,2/15/2018 15:51,92.1991,21.7773,61.61,0.43,4.733
bdnews24.com,http://bdnews24.com/bangladesh/2013/01/30/landslide-in-sitakunda,4743,1/30/2013 0:00,,"Sitakunda, Chittagong Division,",At least one worker was injured and some others feared trapped under a landslide during the digging of a hill at Sitakunda upazila of Chittagong on Wednesday.,"Sitakunda, Chittagong Division,",5km,landslide,rain,large,unknown,,,,,,glc,4743,Bangladesh,BD,Chittagong,33200,Fatikchari,14.59203,4/1/2014 0:00,11/20/2017 15:17,2/15/2018 15:51,91.6591,22.6205,0,0.41,1.854
The Daily Star,http://www.thedailystar.net/city/nasir-hit-landslides-first-day-office-117430,7283,7/26/2015 7:00,,"Manila Hill, Chittagong District Shilpakala Academy","Around 7:00am yesterday, a chunk of earth from the adjacent Manila Hill collapsed onto Chittagong District Shilpakala Academy.  Breaking the wall and the windows of a classroom of the academy's main building, mud spread in an office and two classrooms, said district cultural officer Moslem Uddin Shikdar.","Manila Hill, Chittagong District Shilpakala Academy",1km,landslide,continuous_rain,small,urban,0,0,,,,glc,7283,Bangladesh,BD,Chittagong,3920222,Chittagong,2.31697,7/29/2015 20:42,11/20/2017 15:17,2/15/2018 15:51,91.8022,22.4254,140.559,0.42,1.854
The Daily Star,http://www.thedailystar.net/country/2-buried-while-cutting-hill-ctg-90934,7023,6/1/2015 14:00,,"Dakkhin Para, Banshkhali upazila of Chittagong","Two workers were killed and another injured as a chunk of earth fell on them while they were cutting hill. They were cutting the hill illegally, police said.","Dakkhin Para, Banshkhali upazila of Chittagong",25km,landslide,mining,medium,natural_slope,2,1,,,,glc,7023,Bangladesh,BD,Chittagong,52005,Sātkania,12.29665,2/23/2016 21:04,11/20/2017 15:17,2/15/2018 15:51,91.9538,22.0104,0,0.5,2.726
Fox News,http://www.foxnews.com/world/2012/06/27/landslides-kill-30-in-southern-bangladesh513572/,4430,6/24/2012 0:00,,Cox's Bazar,"Landslides and floods caused by heavy monsoon rains killed at least 91 people in southern Bangladesh and many more were missing, the government said Wednesday.  At least 37 died in Cox's Bazar, 33 in neighboring Bandarban and another 21 in Chittagong, mostly in a series of landslides, the Disaster Management Ministry said. It said soldiers were joining the search for the missing. Three days of torrential rain in the region of small hills and forests dislodged huge chunks of earth which buried flimsy huts where families were sleeping late Tuesday and early Wednesday. Many homeless people live at the foot of the hills or close to them despite warnings from authorities.  Read more: http://www.foxnews.com/world/2012/06/27/landslides-kill-30-in-southern-bangladesh513572/#ixzz2HgIbeaxQ  Read more: http://www.foxnews.com/world/2012/06/27/landslides-kill-30-in-southern-bangladesh513572/#ixzz2HgIT0LvN",Cox's Bazar,unknown,landslide,downpour,large,unknown,41,,,,,glc,4430,Bangladesh,BD,Chittagong,253788,Cox’s Bāzār,4.36333,4/1/2014 0:00,11/20/2017 15:17,2/15/2018 15:51,92.01072983,21.38070054,123.222,0.52,19.477
narinjara,http://www.narinjara.com/details.asp?id=2759,2559,10/7/2010 23:00,,"road between Buthidaung and Maungdaw, Arakan","The sole motor road connecting Bangladesh with the Burma's western state of Arakan was stopped today after many bridges broke down due to heavy rains and landslides in the area, said a government official.  He said, ""The road is now collapsed after heavy rain and landslides. Vehicles are unable to travel on the road. At least three bridges on the road collapsed last night.""  The road connects Buthidaung and Maungdaw on the western Burmese border, and is the only overland road connecting Bangladesh to Burma. ","road between Buthidaung and Maungdaw, Arakan",5km,landslide,downpour,medium,unknown,0,,,,,test,2559,Myanmar [Burma],MM,Rakhine,40557,Teknāf,15.79596,4/1/2014 0:00,11/20/2017 15:17,2/15/2018 15:51,92.4524,20.8482,86.371,0.38,11.695
Dhaka Tribune,http://www.dhakatribune.com/bangladesh/2015/aug/20/baby-killed-bandarban-landslide,7702,8/20/2015 0:00,,New Gulshan area under sadar upazila in Bandarban,A baby boy has been killed and two others have been injured in a landslide in New Gulshan area under sadar upazila in Bandarban.,New Gulshan area under sadar upazila in Bandarban,25km,landslide,rain,medium,unknown,1,2,,http://www.thedailystar.net/sites/default/files/styles/very_big_1/public/feature/images/landslide_1.jpg,,,,,,,,,,5/19/2016 15:38,11/20/2017 15:17,2/15/2018 15:51,92.1868,22.2092,113.09,0.43,8.763
The Daily Star,http://www.thedailystar.net/story.php?nid=51653,741,8/23/2008 16:00,,Motijharna of Lalkhan Bazar,Witnesses said a large portion of Batali Hill fell down at around 4:00pm,Motijharna of Lalkhan Bazar,10km,landslide,downpour,medium,unknown,,,,,,glc,741,Bangladesh,BD,Chittagong,3920222,Chittagong,1.46523,9/15/2014 16:30,11/20/2017 15:17,2/15/2018 15:51,91.8188,22.344,9.227,0.399,10.294
Dhaka Tribune,http://www.dhakatribune.com/bangladesh/2015/jun/27/11-dead-landslides-flashfloods,7003,6/27/2015 9:00,,Ramu upazila,"In Cox’s Bazar, two people were killed in separate incidents of landslide at Ramu upazila in the morning.",Ramu upazila,25km,landslide,monsoon,small,unknown,1,0,,,,glc,7003,Bangladesh,BD,Chittagong,253788,Cox’s Bāzār,15.10994,6/30/2015 15:29,11/20/2017 15:17,2/15/2018 15:51,92.1117,21.444,262.636,0.408,2.105
The Daily Star,http://www.thedailystar.net/newDesign/latest_news.php?nid=36323,4248,3/8/2012 8:30,,"Andarghona village, Moheshkhali upazila, Cox’s Bazar","A man was killed and three were injured in a landslide in Moheshkhali upazila of Cox’s Bazar Thursday morning. On information, police recovered the body of Md Idris, 35, and sent it to Cox’s Bazar Sadar Hospital morgue for autopsy, reports a district correspondent. The three injured persons – Abdus Sabur, 45, Abu Shamad, 45, and Mohammad Ali, 38, –were admitted to the local upazila health complex. Police said a large chunk of earth fell on the workers from at least 10 feet above when they were working at a betel-leaf garden at the bottom of a hillock at Adharghona village around 8:30am.","Andarghona village, Moheshkhali upazila, Cox’s Bazar",5km,landslide,unknown,medium,unknown,1,,,,,glc,4248,Bangladesh,BD,Chittagong,253788,Cox’s Bāzār,7.34628,4/1/2014 0:00,11/20/2017 15:17,2/15/2018 15:51,91.9696,21.5202,0,0.42,5.304
www.thedailystar.net,http://www.thedailystar.net/beta2/news/child-killed-in-mudslide-in-coxs-bazar/,5001,6/30/2013 6:00,,"Saikatpara Hill Area, Cox'S Bazar Municipality","A four-year-old child was killed and his mother injured in a landslide resulting from heavy rain at Saikatpara, hill area under CoxÕs Bazar municipality, yesterday. A chunk of earth fell on the Saikatpara house of Rezaul Karim a dawn, leaving his son Sakib and wife Taiyaba Begum seriously injured, police said.","Saikatpara Hill Area, Cox'S Bazar Municipality",1km,mudslide,downpour,medium,unknown,1,1,,,,glc,5001,Bangladesh,BD,Chittagong,32523,Bāndarban,36.36715,4/1/2014 0:00,11/20/2017 15:17,2/15/2018 15:51,92.4951,21.9907,0,0.441,5.893
The Daily Star,http://www.thedailystar.net/newDesign/latest_news.php?nid=24242,1976,6/15/2010 4:00,,South Rahmater Bill village ,"Four members of a family died around 4:00am at South Rahmater Bill village while at the same time another person, son of Zafar Alam, died at the Dhamankhali village in Ukhia upazila in the landslides.",South Rahmater Bill village ,25km,landslide,downpour,medium,unknown,4,,,,,glc,1976,Bangladesh,BD,Chittagong,253788,Cox’s Bāzār,34.1929,4/1/2014 0:00,11/20/2017 15:17,2/15/2018 15:51,92.19905362,21.23291114,62.907,0.43,13.355
narinjara,http://www.narinjara.com/details.asp?id=1920,824,10/1/2008 0:00,,Buthidaung and Maungdaw,motor road connecting Bangladesh with the western border of Burma was blocked on Wednesday after heavy rains caused a landslide in the area,Buthidaung and Maungdaw,25km,landslide,downpour,medium,unknown,,,,,,test,824,Myanmar [Burma],MM,Rakhine,40557,Teknāf,19.51263,4/1/2014 0:00,11/20/2017 15:17,2/15/2018 15:51,92.489,20.8605,25.586,0.36,5.494
Dhaka Tribune,http://www.dhakatribune.com/bangladesh/2015/apr/19/mud-slide-kills-2-chapainawabganj,7134,4/19/2015 9:00,,Ujirpur barrage 3 under Shibchar upazila in Chapainawabganj,"At a stage, the mud from nearby dam slided on them. Later, the locals recovered their bodies from under the mud",Ujirpur barrage 3 under Shibchar upazila in Chapainawabganj,25km,mudslide,dam_embankment_collapse,small,above_river,2,0,,,,glc,7134,Bangladesh,BD,Rājshāhi,142361,Nawābganj,9.97116,7/10/2015 15:16,11/20/2017 15:17,2/15/2018 15:51,88.1825,24.5582,0,0.39,1.378
The Daily Star,http://www.thedailystar.net/newDesign/latest_news.php?nid=24242,1977,6/15/2010 4:00,,Dhamankhali village in Ukhia upazila,"Four members of a family died around 4:00am at South Rahmater Bill village while at the same time another person, son of Zafar Alam, died at the Dhamankhali village in Ukhia upazila in the landslides.",Dhamankhali village in Ukhia upazila,5km,landslide,downpour,medium,unknown,1,,,,,glc,1977,Bangladesh,BD,Chittagong,253788,Cox’s Bāzār,32.54732,4/1/2014 0:00,11/20/2017 15:17,2/15/2018 15:51,92.19314477,21.23967983,62.907,0.41,11.715
china,http://www.china.org.cn/environment/2011-07/22/content_23044018.htm,3898,8/8/2011 0:00,,"Bandarban, Bangladesh","Almost incessant rainfall since Monday wreaked havoc all over the country.  Till yesterday, nearly four lakh people in Bandarban remained disconnected from the rest of the country after the torrential rain caused landslides and floods in the hill district.  Many roads went under water and a worrisome number of families lost their homes to landslides after water in the Matamuhuri and Sangu rivers rose significantly above the danger level.  Our Chittagong correspondent reports: although road communication resumed in several parts of Bandarban yesterday, Bandarban Sadar remained totally detached.  The locals of Bandarban termed the downpour the ""all time heaviest"" and the aftermath ""unbelievable"".  The Met office recorded around 750mm of rain across the country yesterday with Bogra having the highest amount of rain, which was 216mm.  While the weather is expected to improve from today, reports of travel disruptions and floods poured in yesterday from all regions of the country.  Half ","Bandarban, Bangladesh",10km,landslide,rain,medium,unknown,2,,,,,glc,3898,Bangladesh,BD,Chittagong,32523,Bāndarban,0.67378,4/1/2014 0:00,11/20/2017 15:17,2/15/2018 15:51,92.2168,22.2009,114.049,0.42,13.412
The Daily Star,http://www.thedailystar.net/newDesign/latest_news.php?nid=24242,1972,6/15/2010 0:00,,Cox's Bazar town,"Powerful landslides triggered by heavy rains killed at least 49 people, including six army personnel, on Tuesday in two southeastern districts of Cox’s Bazar and Bandarban.  In Cox’s Bazar, the mudslides occurred at different parts including the district town and Himchhari ECB camp, leaving 45 people dead.  Superintendent of Police Nibash Chandra Majhi said 31 people were killed in Teknaf, six in Ukhia, two in the district headquarters and six in the Himchhari army camp.  Of the army men buried under the mud, three bodies were recovered while search was going on for the rest, reports a correspondent from Cox’s Bazar.  Deputy Commissioner Md Gias Uddin Ahmed said they were urging people through loudhailers to evacuate the hilly areas. ",Cox's Bazar town,10km,landslide,downpour,medium,unknown,2,,,,,glc,1972,Bangladesh,BD,Chittagong,253788,Cox’s Bāzār,4.53886,4/1/2014 0:00,11/20/2017 15:17,2/15/2018 15:51,92.0082,21.4384,71.733,0.39,2.721
The Statesman,http://www.thestatesman.com/news/world/flood-tightens-grip-on-several-districts-of-bangladesh/78463.html,7298,7/27/2015 0:00,,"Surson Rd, Chittagong","There were landslides in two hills in Chittagong city's GEC and Surson Road areas yesterday due to heavy rains, but no casualties were reported. Read more at http://www.thestatesman.com/news/world/flood-tightens-grip-on-several-districts-of-bangladesh/78463.html#saUWWYv7jRHK6ju5.99","Surson Rd, Chittagong",1km,landslide,continuous_rain,small,above_road,0,0,,,,glc,7298,Bangladesh,BD,Chittagong,3920222,Chittagong,1.45099,7/29/2015 19:19,11/20/2017 15:17,2/15/2018 15:51,91.8295,22.3513,64.06,0.39,2.209
Dhaka Tribune,http://www.dhakatribune.com/bangladesh/2015/jun/27/11-dead-landslides-flashfloods,7004,6/27/2015 9:00,,Ramu Upazila,"In Cox’s Bazar, two people  Futu, 18 and Amir Hossian, 45,  were killed in separate incidents of landslide at Ramu upazila in the morning.",Ramu Upazila,25km,landslide,monsoon,small,unknown,1,0,,,,glc,7004,Bangladesh,BD,Chittagong,253788,Cox’s Bāzār,15.6565,6/29/2015 14:25,11/20/2017 15:17,2/15/2018 15:51,92.118,21.4406,262.636,0.43,12.617
The Daily Star,http://www.thedailystar.net/story.php?nid=3742,253,9/10/2007 0:00,,Nabinagar in Chittagong,earth fell onto 2 girls in slums of city,Nabinagar in Chittagong,5km,mudslide,rain,medium,unknown,2,,,,,glc,253,Bangladesh,BD,Chittagong,31671,Nabīnagar,0.68998,4/1/2014 0:00,11/20/2017 15:17,2/15/2018 15:51,90.9733,23.8917,0,0.41,2.23
Dhaka Tribune,http://www.dhakatribune.com/bangladesh/2015/jun/27/landslides-flashfloods-death-toll-climbs-13,7001,6/27/2015 10:30,,Shamlapur,"A woman and her daughter have been killed in a landslide at Shamlapur village of Baharchhara union in Teknaf upazila of Cox's Bazar.  The deceased are Samoda Khatun, 45, and her daughter Shahena Aktar, 16.",Shamlapur,1km,landslide,flooding,medium,unknown,2,0,,,,glc,7001,Bangladesh,BD,Chittagong,40557,Teknāf,29.64122,6/29/2015 13:55,11/20/2017 15:17,2/15/2018 15:51,92.1414,21.0853,282.253,0.39,6.465
blog.rednote,http://blog.rednote.org/?p=187610,1313,11/19/2009 0:00,,"Lumut, Manjung district","LUMUT: \. Manjung district officer Ahmad Shafee said Md Soyad Mia, 31, from Bangladesh, was repairing the excavator with another worker at the time of the accident. Two others were working in the quarry. “The operation to find the victim was hampered by the heavy rain and the unstable hillslope. At the time of the incident, the victim was on the fourth terrace of the quarry hill.","Lumut, Manjung district",5km,landslide,rain,medium,mine,1,,,,,glc,1313,Malaysia,MY,Perak,39595,Lumut,0.40399,9/15/2014 20:33,11/20/2017 15:17,2/15/2018 15:51,100.6333,4.2333,14.79,0.42,9.468
Dhaka Tribune,http://www.dhakatribune.com/bangladesh/2015/sep/01/schoolgirl-killed-coxs-bazar-landslide,7924,9/1/2015 11:30,,Cox's Bazar,"A school girl has been killed in a landslide in south Mohoripara area in Cox’s Bazar.Farzana Rashid, 14, was the daughter of Abu Taher and a class VII student of College Gate Ilias Mia High School.Sadar upazila Chairman GM Rahim Ullah said: “The landslide took place around 11:30am Tuesday due to the heavy rain in the area since Monday night.”",Cox's Bazar,5km,landslide,downpour,medium,above_road,1,0,,,,glc,7924,Bangladesh,BD,Chittagong,253788,Cox’s Bāzār,6.81666,6/29/2016 19:44,11/20/2017 15:17,2/15/2018 15:51,91.96737514,21.47819035,119.375,0.43,0
Daily Star,http://www.thedailystar.net/one-killed-4-injured-in-bandarban-landslide-63887,6753,2/8/2015 12:00,,Siddique Nagar in Bandarban Sadar,"A worker was killed and four others were injured in a landslide while cutting a hill for construction of a road in Siddique Nagar area of Bandarban Sadar upazila yesterday. The deceased was identified as Mohammad Jakaria, 24, a resident of Teknaf upazila in Cox's Bazar district.",Siddique Nagar in Bandarban Sadar,50km,rock_fall,mining,small,mine,1,4,,http://www.thedailystar.net/upload/gallery/image/arts/bandarban-landslide-killed.jpg,,glc,6753,Bangladesh,BD,Chittagong,32523,Bāndarban,0.7726,2/9/2015 23:31,11/20/2017 15:17,2/15/2018 15:51,92.2217,22.202,0,0.37,15.289
The Daily Star,http://www.thedailystar.net/city/3-family-hurt-sylhet-mudslide-95881,6982,6/11/2015 9:00,,Muhona residential area of Sylhet,Three members of a family were injured as a chunk of earth from a rain-soaked hill fell on their tin-roofed house,Muhona residential area of Sylhet,5km,landslide,rain,small,urban,0,3,,,,glc,6982,Bangladesh,BD,Sylhet,237000,Sylhet,0.58709,6/26/2015 14:39,11/20/2017 15:17,2/15/2018 15:51,91.8771,24.9016,62.61,0.5,9.676
The Daily Star,http://www.thedailystar.net/country/mother-daughter-killed-cox%E2%80%99s-bazar-landslide-117445,7281,7/27/2015 2:00,,Cox's Bazar,Five people including three women and a six-year-old child were killed in a landslide triggered by incessant rain in Cox’s Bazar town today. At least four houses were buried in the landslide at 2:00am near the local radar station. A part of the station’s wall was also brought down by the landslide.,Cox's Bazar,10km,landslide,continuous_rain,medium,natural_slope,5,0,,http://en.newsbd71.com/wp-content/uploads/2015/07/hillslip-600x336.jpg,,glc,7281,Bangladesh,BD,Chittagong,253788,Cox’s Bāzār,1.2302,10/21/2015 19:29,11/20/2017 15:17,2/15/2018 15:51,92.2195,20.9383,45.733,0.44,7.83
hindustantimes,http://www.hindustantimes.com/StoryPage/StoryPage.aspx?id=f31c1a18-8a57-44ad-b45f-5765f562b803&MatchID1=4721&TeamID1=8&TeamID2=6&MatchType1=2&SeriesID1=1189&MatchID2=4747&TeamID3=4&TeamID4=1&MatchType2=2&SeriesID2=1196&PrimaryID=4721&Headline=Land,626,7/3/2008 0:00,,"Cox's Bazar, Moheshkhali,Teknaf","Ten people were killed in landslides in Teknaf sub district and Moheshkhali offshore island of Cox's Bazar, a police officer said","Cox's Bazar, Moheshkhali,Teknaf",5km,landslide,downpour,medium,unknown,20,,,,,glc,626,Bangladesh,BD,Chittagong,253788,Cox’s Bāzār,3.68821,4/1/2014 0:00,11/20/2017 15:17,2/15/2018 15:51,92,21.44,38.797,0.43,4.085
www.dhakatribune.com,http://www.dhakatribune.com/bangladesh/2013/jul/29/spate-deaths-landslides-continues,5218,7/28/2013 4:30,,"Lal Khan Bazaar, Chittagong, Chittagong Division","The latest incident took place only Sunday when a landslide, triggered by heavy rain, left a woman and her daughter dead in the cityÕs Lalkhan Bazar area. - See more at: http://www.dhakatribune.com/bangladesh/2013/jul/29/spate-deaths-landslides-continues#sthash.dVp5FmQd.dpuf","Lal Khan Bazaar, Chittagong, Chittagong Division",1km,landslide,downpour,medium,unknown,2,,,,,glc,5218,Bangladesh,BD,Chittagong,3920222,Chittagong,2.28507,4/1/2014 0:00,11/20/2017 15:17,2/15/2018 15:51,91.8151,22.3521,51.273,0.37,1.854
The Daily Star,http://www.thedailystar.net/newDesign/latest_news.php?nid=24242,1980,6/15/2010 8:00,,"Uttarpara Baganboni(?), Naikhangchhari upazila(?), Bandarban","In Bandarban, four members of a family were killed in a landslide at Uttarpara Baganboni in Naikhangchhari upazila early Tuesday morning, UNB adds.  The victims were identified as Khairul Bashar, 35, his wife Parveen Akther, 27, son Sakib, 7, and daughter Fatema.  Local sources said all the four were killed, buried under a heavy chunk of mud that fell on Khairul’s house at the foot of a hill during heavy downpour.","Uttarpara Baganboni(?), Naikhangchhari upazila(?), Bandarban",unknown,landslide,downpour,medium,unknown,4,,,,,glc,1980,Bangladesh,BD,Chittagong,32523,Bāndarban,24.6146,4/1/2014 0:00,11/20/2017 15:17,2/15/2018 15:51,92.3333,22,99.857,0.36,10.173
The Daily Star,http://www.thedailystar.net/country/6-killed-landslide-wall-collapse-ctg-113944,7223,7/19/2015 1:30,,Lal Khan Bazaar,"In Lalkhan area, two of a family and one of another family were killed due to wall collapse after heavy rainfall around 1:30am",Lal Khan Bazaar,1km,other,downpour,small,urban,3,0,,,,glc,7223,Bangladesh,BD,Chittagong,3920222,Chittagong,2.21135,7/20/2015 14:12,11/20/2017 15:17,2/15/2018 15:51,91.8147,22.3507,62.009,0.4,7.641
Daily Star,http://www.thedailystar.net/country/rain-triggers-landslide-floods-bandarban-khagrachhari-130276,7718,8/21/2015 0:00,,"Bāndarban : At least eight houses were damaged in similar landslides in New Gulshan, Langi Para and Banarupa Para areas of the uapzila amid incessant*","At least eight houses were damaged in similar landslides in New Gulshan, Langi Para and Banarupa Para areas of the uapzila amid incessant rain in the morning, he added.",,1km,landslide,continuous_rain,medium,urban,0,0,,,,glc,7718,Bangladesh,BD,Chittagong,32523,Bāndarban,0.78566,5/26/2016 22:06,11/20/2017 15:17,2/15/2018 15:51,92.2135,22.1909,18.021,0.39,2.107
africa.reuters,http://africa.reuters.com/world/news/usnDEL257604.html,727,8/18/2008 0:00,,"Lalkhan Bazar in Chittagong, Cox Bazar","occurred in morning at Motijharna, chunks of soil rolled down from 10-12 meters smashing huts below; 142 millimeters (5.6 inches) of rain in 24 hours","Lalkhan Bazar in Chittagong, Cox Bazar",10km,landslide,monsoon,medium,unknown,11,,,,,glc,727,Bangladesh,BD,Chittagong,3920222,Chittagong,0.83926,7/20/2015 14:06,11/20/2017 15:17,2/15/2018 15:51,91.8242,22.3421,34.904,0.46,4.21
morungexpress,http://www.morungexpress.com/regional/1752.html,683,8/1/2008 0:00,,"Meghalaya, Kalaphahar kills",4 villages on Bangladesh-India border affected by flooding/sand-debris blocking major roads. Occurred sometime 7-20 to 8-16,"Meghalaya, Kalaphahar kills",50km,landslide,rain,medium,unknown,,,,,,glc,683,Bangladesh,BD,Sylhet,237000,Sylhet,3.0718,4/1/2014 0:00,11/20/2017 15:17,2/15/2018 15:51,91.9022,24.896,22.282,0.41,3.201
foxnews,http://www.foxnews.com/world/2012/06/27/landslides-kill-30-in-southern-bangladesh513572/,4431,6/24/2012 0:00,,Bandarban ,"Landslides and floods caused by heavy monsoon rains killed at least 91 people in southern Bangladesh and many more were missing, the government said Wednesday.  At least 37 died in Cox's Bazar, 33 in neighboring Bandarban and another 21 in Chittagong, mostly in a series of landslides, the Disaster Management Ministry said. It said soldiers were joining the search for the missing. Three days of torrential rain in the region of small hills and forests dislodged huge chunks of earth which buried flimsy huts where families were sleeping late Tuesday and early Wednesday. Many homeless people live at the foot of the hills or close to them despite warnings from authorities.  Read more: http://www.foxnews.com/world/2012/06/27/landslides-kill-30-in-southern-bangladesh513572/#ixzz2HgIbeaxQ  Read more: http://www.foxnews.com/world/2012/06/27/landslides-kill-30-in-southern-bangladesh513572/#ixzz2HgIT0LvN",Bandarban ,unknown,landslide,downpour,large,unknown,36,,,,,glc,4431,Bangladesh,BD,Chittagong,52005,Sātkania,48.13191,4/1/2014 0:00,11/20/2017 15:17,2/15/2018 15:51,92.3783,21.7684,163.593,0.47,6.465
Daily Star,http://www.thedailystar.net/city/ctg-manila-hill-owner-fined-tk-10-lakh-landslide-118918,7359,9/27/2015 0:00,,"District Shilpakala Academy, Chittagong city","The Department of Environment (DoE) yesterday fined the owner of Manila hill Tk 10 lakh for keeping 2,500 sacks of sand on the hill slope which resulted in a landslide in Chittagong city on Sunday.","District Shilpakala Academy, Chittagong city",25km,landslide,construction,small,urban,0,0,,,,glc,7359,Bangladesh,BD,Chittagong,3920222,Chittagong,2.58085,10/28/2015 21:56,11/20/2017 15:17,2/15/2018 15:51,91.8236,22.3605,0,0.5,2.108
The Daily Star,http://www.thedailystar.net/country/6-killed-landslide-wall-collapse-ctg-113944,7222,7/19/2015 2:00,,"Amin Colony, Bayazid",Six people of three families were killed in separate incidents of landslide and wall collapse at Bayezid and Lalkhan areas of Chittagong city due to heavy rain early today.  The authorities have asked people of the neighbourhood through miking this noon to move to safer places to ensure safety,"Amin Colony, Bayazid",5km,landslide,downpour,small,urban,3,0,,,,glc,7222,Bangladesh,BD,Chittagong,3920222,Chittagong,6.02922,7/20/2015 14:06,11/20/2017 15:17,2/15/2018 15:51,91.8177,22.3913,57.111,0.388,4.21
The Daily Star,http://www.thedailystar.net/newDesign/latest_news.php?nid=24242,1974,6/15/2010 0:00,,Cox's Bazar,"Powerful landslides triggered by heavy rains killed at least 49 people, including six army personnel, on Tuesday in two southeastern districts of Cox’s Bazar and Bandarban.  In Cox’s Bazar, the mudslides occurred at different parts including the district town and Himchhari ECB camp, leaving 45 people dead.  Superintendent of Police Nibash Chandra Majhi said 31 people were killed in Teknaf, six in Ukhia, two in the district headquarters and six in the Himchhari army camp.  Of the army men buried under the mud, three bodies were recovered while search was going on for the rest, reports a correspondent from Cox’s Bazar.  Deputy Commissioner Md Gias Uddin Ahmed said they were urging people through loudhailers to evacuate the hilly areas. ",Cox's Bazar,5km,landslide,downpour,large,unknown,31,,,,,glc,1974,Bangladesh,BD,Chittagong,40557,Teknāf,0.29303,4/1/2014 0:00,11/20/2017 15:17,2/15/2018 15:51,92.19566765,21.06313524,61.217,0.42,13.766
Daily Star,http://www.thedailystar.net/country/landslide-kills-2-in-habiganj-64024,6758,2/9/2015 11:00,,Gulgaon Hill area under Bahubal upazila of Habiganj district,Two workers were killed in a landslide while cutting a hill in Gulgaon Hill area under Bahubal upazila of Habiganj district yesterday.,Gulgaon Hill area under Bahubal upazila of Habiganj district,10km,other,mining,small,mine,2,0,,,,glc,6758,Bangladesh,BD,Sylhet,88760,Habiganj,16.28953,2/10/2015 15:28,11/20/2017 15:17,2/15/2018 15:51,91.5642,24.3311,0,0.49,3.188
The Daily Star,http://www.thedailystar.net/frontpage/rain-triggers-landslides-103642,7002,6/26/2015 3:00,,"Banorupa Para in Sadar upazila, Bandarban","Two siblings -- Alif, 11, and his sister Mim, 8, children of Abdur Razzak -- were killed in their sleep after a landslide partially buried their house at Banorupa Para in Sadar upazila in the early hours yesterday, our Bandarban correspondent reports.  Their parents were also injured in the incident...A number of other houses were reportedly damaged in landslides in other parts of the district.","Banorupa Para in Sadar upazila, Bandarban",25km,landslide,monsoon,medium,unknown,2,2,,,,glc,7002,Bangladesh,BD,Chittagong,32523,Bāndarban,2.64839,6/29/2015 14:20,11/20/2017 15:17,2/15/2018 15:51,92.235,22.2144,43.358,0.43,12.915
Wikipedia,http://en.wikipedia.org/wiki/2007_Chittagong_mudslide,84,6/11/2007 10:00,,Chittagong,"128 killed, many missing, 150 injured; occurred at 10:00 hrs, 219mm of rainfall w/in 24 hrs",Chittagong,25km,landslide,monsoon,very_large,urban,128,150,,,,glc,84,Bangladesh,BD,Chittagong,3920222,Chittagong,2.48492,12/16/2015 20:58,11/20/2017 15:17,2/15/2018 15:51,91.8205,22.3555,89.054,0.49,1.366
JagoNews24,https://www.jagonews24.com/en/national/news/20458,10983,3/16/2017 16:46,,Jaflong Landslide Caused by Illegal Stone Picking,"Two labours have been killed and two others injured while picking stones illegally at Jaflong area in Gowainghat upazila of Sylhet district. The deceased were identified as Akram Mia and Lesu Mia, both are hailing from Tukerbazar area of Sylhet. Police and local sources said that four people were illegally trying to pick stone to make a hole at Nayabosti area. At one stage, a heavy chunk of mud collapsed on them, leaving the duo died on the spot. The injured were rushed to Sylhet Osmani Medical College Hospital.","Noyabosti area beside the Piyan River, Jaflong, Gowainghat upazila, Sylhet District, Bangladesh, Y:25.178619 X:92.012806",5km,landslide,mining,small,above_river,2,2,,https://www.jagonews24.com/media/imgAll/2016October/Sylhet-pic2017031612503020170316165734.jpg,Exact time 8:30am,,,,,,,,,10/4/2017 16:46,12/8/2017 20:47,2/15/2018 15:51,92.012806,25.178619,0,0.1103,0
Landslide in Gaznaipur,http://bdnews24.com/bangladesh/2016/11/01/two-labourers-die-in-habiganj-landslip,10964,11/1/2016 14:24,,Sankarsena landslide buries two during hill-cutting,The deaths occured on Tuesday morning when the labourers were cutting down a hill for sand at Sankarsena in Gaznaipur union.,"Sankarsena, Nabiganj upazilla, Habiganj, Gaznaipur Union, Bangladesh",5km,landslide,mining,medium,natural_slope,2,0,,,,,,,,,,,,7/11/2017 14:24,12/8/2017 20:22,2/15/2018 15:51,91.588893,24.506937,0,0.7078,2.239
The Independent,http://www.theindependentbd.com/post/100012,10955,6/18/2017 14:21,,Fatal landslide in Budungpara,"Downpour lasting one hour causes fatal landslide in Budungpara, killing two","Budungpara, Ragmar Upazila, Bangladesh",10km,landslide,downpour,medium,natural_slope,2,0,,,,,,,,,,,,7/11/2017 14:21,12/8/2017 20:11,2/15/2018 15:51,91.80439129,22.97758595,86.951,0.4345,7.076
The Daily Star,http://www.thedailystar.net/city/two-bangladeshis-killed-malaysian-landslide-1395103,11040,4/22/2017 18:27,,Fatal landslide in Hulu Langat,Landslide triggered by continuous rain lasting several days kills two workers in their residential quarters,"Hulu Langat, Selangor, Malaysia",1km,landslide,continuous_rain,medium,urban,2,0,,,,,,,,,,,,7/18/2017 18:27,12/18/2017 20:47,2/15/2018 15:51,101.7965988,3.080509303,10.475,0.5466,20.013
The Daily Tribunal,http://thedailytribunal.net/landslide-claims-quarry-laborer-in-companigonj/,10982,3/6/2017 20:35,,Quarry Worker Killed in Companigonj Landslide,"Yet another labourer, Faruq (32) by name has been killed in landslide while collecting stones from Uthma Chara quarry in Companigonj Upazila in Sylhet Monday morning at eleven. It has been learnt from Companigonj Upazila Police Officer-in-Charge Altaf Hussain and locals that the aforesaid Faruq and other labourers were collecting stones. Suddenly a large tract of soil mass collapsed killing Faruq on the sport. Acting on information the OC rushed there.","Uthma Chara quarry, Companigonj Upazila, Bangladesh",10km,landslide,mining,small,mine,1,0,,,,,,,,,,,,10/6/2017 19:35,12/8/2017 20:47,2/15/2018 15:51,91.763689,25.092576,0,0.3271,2.247
The Asian Age,http://dailyasianage.com/news/51110/sylhet-worker-killed-in-landslide,10984,3/8/2017 21:02,,Makeshift Stone Quarry Landslide Kills Worker,"A worker died in a landslide near Jaflang Mandir in Gowainghat upazila of the district on Wednesday morning. The deceased was identified as Mostakim Mia, son of Batir Mia, resident of Isabpur village of Baniachang upazila in Habiganj.","Jaflang Mandir, Gowainghat upazila, Sylhet Division, Bangladesh",5km,landslide,mining,small,mine,1,0,,,Event occurred in the morning.,,,,,,,,,10/5/2017 20:02,12/8/2017 20:47,2/15/2018 15:51,92.019575,25.167803,0,0.1422,2.118
NewAge,http://www.newagebd.net/article/7829/death-toll-from-sylhet-landslide-rises-to-five,10981,1/23/2017 14:49,,Companiganj Landslide in Stone Quarry,"The landslide took place on Monday morning when a group of some 12 workers were extracting underground stones illegally from the quarry. A landslide occurred at the site, causing the death of 5 workers.","Companiganj, Sylhet Division, Bangladesh",1km,landslide,mining,small,mine,5,0,,,,,,,,,,,,10/31/2017 13:49,12/8/2017 20:47,2/15/2018 15:51,91.75063827,25.08734272,0,0.1874,0.927
The Daily Star,http://www.thedailystar.net/world/asia/bangladeshi-killed-malaysia-landslide-1351351,11034,1/24/2017 21:54,,Kuala Terla Landslide Kills 1,A Bangladeshi migrant worker was killed in a landslide triggered by a torrential rainfall in Cameron Highlands of Malaysia early yesterday. The victim was sleeping in a barn at the base of a hill in Kuala Terla when incessant rain around 3am caused a landslide on the hill above.,"Kuala Terla, Tanah Rata, Pahang, Malaysia",1km,landslide,downpour,medium,natural_slope,1,0,,,,,,,,,,,,10/26/2017 20:54,12/18/2017 20:42,2/15/2018 15:51,101.4198768,4.549460532,53.387,-0.0151,27.115
The Financial Express,http://www.thefinancialexpress-bd.com/2017/03/17/64576/Rangamati-landslide-leaves-three-dead,10958,3/16/2017 20:44,,Landslide Triggered by Digging at Rangamati,"A landslide triggered by digging work on a Rangamati hill has left three people dead, reports bdnews24.com. Another person has been left injured in the incident at College Gate area on Thursday afternoon, said Golam Mostafa, assistant director of Fire Service at Rangamati. The dead victims include Shamsul Alam, 55, the owner of the plot, and the others are construction workers – Kalu Malakar, 35, and Md Hanif, 32.","a hill in Rangamati, College Gate area, Bangladesh",5km,landslide,construction,small,natural_slope,3,1,,,,,,,,,,,,10/3/2017 20:44,12/8/2017 20:11,2/15/2018 15:51,92.15455,22.64753,0,0.7758,10.097
Daily Sun,http://www.daily-sun.com/printversion/details/213012/2-killed-in-Comilla-landslide,10959,3/16/2017 20:44,,Comilla Landslide Kills Two,"Two workers were killed and another was injured in a landslide while constructing a wall beside a hillock at Tipra Bazar near the Cantonment area on Thursday night, reports UNB. The deceased were identified as Tamim Hossain, son of Arun Mia of Kathalia village of Burichang upazila and Ashraful Islam, hailing from Rangpur. A big chunk of mud fell on the workers while they were working around 10pm, leaving the duo dead on the spot and another injured.","Tipra Bazar, near Cantonment area, Bangladesh",5km,landslide,construction,small,natural_slope,2,1,,,,,,,,,,,,10/3/2017 20:44,12/8/2017 20:11,2/15/2018 15:51,91.125374,23.438189,0,0.7275,1.372
The Daily Star,http://www.thedailystar.net/country/mudslide-kills-one-1357441,10864,2/7/2017 18:52,,Brickfield Worker Killed in Pirgachha upazila During Work,A brickfield worker was killed and another sustained critical injuries in a mudslide in Pirgachha upazila of Rangpur yesterday.,"Pirgachha Upazila, Rangpur Division, Bangladesh, পীরগাছা",10km,mudslide,construction,medium,urban,1,1,,,,,,,,,,,,10/23/2017 17:52,12/5/2017 19:03,2/15/2018 15:51,89.45570226,25.64319355,0,0.7563,2.12
The Daily Star,http://www.thedailystar.net/backpage/rail-link-sylhet-cut-6-hours-1422739,10965,6/19/2017 14:21,,Landslide in Lawachara National Park,"Landslide in Lawachara National Park cuts railroad track, severs Sylhet by rail from Dhaka and Chittagong before repairs 6 hours later. Exacerbated by deforestation. Article: Narayan Saha, former head of forestry and environment science department at Shahjalal University of Science and Technology, told this correspondent that cutting down of big trees was the main reason behind landslide.  Small trees cannot hold soil properly as roots of big trees are stronger than small trees. So, it is important to save big trees to avoid landslides, he added.","Lawachara National Park, Bangladesh",1km,landslide,rain,small,above_road,0,0,,,,,,,,,,,,7/11/2017 14:21,12/8/2017 20:23,2/15/2018 15:51,91.8008536,24.33197035,56.832,0.4048,10.291
The Independent,http://www.theindependentbd.com/post/100012,10956,6/18/2017 14:21,,Fatal landslide in Lakhsmichhari,"After heavy rain, chunk of mud crushes and kills girl in Lakhsmichhari","Lakshmichhari Upazila, Bangladesh",25km,landslide,rain,small,unknown,1,0,,,,,,,,,,,,7/11/2017 14:21,12/8/2017 20:11,2/15/2018 15:51,91.95656252,22.84756674,84.382,0.289,9.963
